customer_id,name,email,phone,city,join_date
CUST-10000,Sarah Rust,rosel39@example.org,+49 (0) 8877 090714,Frankfurt,2025-04-24
CUST-10001,Prof. Jaqueline Wilmsen,christosgraf@example.net,+49(0)3136 51970,Hamburg,2025-12-10
CUST-10002,Hansjoachim Kambs,meinhard57@example.net,0677977858,Cologne,2026-01-18
CUST-10003,Paola Lorch,raphaelaoestrovsky@example.net,(03633) 40676,Frankfurt,2024-10-24
CUST-10004,Irmtraut Paffrath MBA.,erna42@example.org,03815 159277,Cologne,2024-09-28
CUST-10005,Ilija Hellwig,constance12@example.org,(08646) 003076,Berlin,2024-11-08
CUST-10006,Frau Anne-Kathrin Röhrdanz,zkoch-ii@example.org,+49(0)3986 909337,Berlin,2025-02-21
CUST-10007,Dipl.-Ing. Daniele Eckbauer B.A.,christiane94@example.com,+49 (0) 9121 993206,Cologne,2024-08-20
CUST-10008,Karl Knappe,huhnmato@example.com,01582 29548,Frankfurt,2025-07-08
CUST-10009,Kenneth Schomber,brankaehlert@example.net,02421 459245,Frankfurt,2025-04-28
CUST-10010,Dipl.-Ing. Marita Haase,carstentadeusz@example.com,+49(0)0989 11334,Berlin,2024-10-30
CUST-10011,Jochem Atzler,cichoriushans-peter@example.org,0056454961,Berlin,2025-12-30
CUST-10012,Hans-H. Holt-Scholz,evelinkallert@example.com,+49(0)1905 619351,Berlin,2024-09-17
CUST-10013,Hans-Friedrich Wilms,gabrielkruschwitz@example.com,0047484146,Cologne,2024-09-01
CUST-10014,Friedrich-Wilhelm Klemm,krebsjasmin@example.org,+49(0)4037988588,Hamburg,2024-12-05
CUST-10015,Dr. Mehdi Meyer,diedrich27@example.org,+49(0)7348 625947,Cologne,2024-10-07
CUST-10016,Veronique Pechel,goran82@example.org,(09399) 27749,Munich,2024-06-04
CUST-10017,Bertram Reichmann,ottohelmar@example.com,+49(0)8342 06101,Cologne,2025-06-09
CUST-10018,Dr. Leo Bähr MBA.,lhoevel@example.org,09977 621203,Munich,2024-08-09
CUST-10019,Hans-Hinrich Lindau,kambsmassimo@example.org,+49(0)2583440018,Munich,2025-04-19
CUST-10020,Lea Lachmann,soenke59@example.com,+49(0)5252652854,Berlin,2025-06-09
CUST-10021,Dipl.-Ing. Volkhard Bärer,katja60@example.org,0634544557,Cologne,2024-12-17
CUST-10022,Celal Stiffel,heinrichhans-karl@example.net,(00888) 34398,Berlin,2024-07-09
CUST-10023,Simone Hering,jozefdippel@example.org,03082 554402,Munich,2024-08-07
CUST-10024,Dr. Klaus-Peter Bachmann,cosimofranke@example.org,+49(0)4969248592,Hamburg,2025-04-11
CUST-10025,Notburga Wagenknecht,bolanderelmar@example.com,05310141923,Cologne,2026-01-09
CUST-10026,Aloisia Adler,franz-josefruppersberger@example.com,+49(0)5130 16734,Frankfurt,2025-11-15
CUST-10027,Ann-Kathrin Henschel B.Eng.,domenicobruder@example.net,(00000) 578598,Cologne,2025-05-25
CUST-10028,Lilli Bloch-Plath,fanny51@example.net,05632011691,Munich,2025-06-27
CUST-10029,Annita Ortmann,aytenseifert@example.net,0423700945,Munich,2025-12-15
CUST-10030,Theodoros Eberhardt,staudecaecilie@example.com,+49 (0) 9589 716815,Berlin,2025-03-04
CUST-10031,Adelgunde Weitzel-Eckbauer,augusta75@example.net,+49(0) 095563007,Hamburg,2025-01-22
CUST-10032,Lucie Lindau,bohnbachfrank-michael@example.com,(06624) 48735,Cologne,2026-03-22
CUST-10033,Dipl.-Ing. Meike Ziegert,hahnpatric@example.org,+49(0) 698415181,Hamburg,2025-08-07
CUST-10034,Ottmar Kohl,abohlander@example.com,01729 308146,Munich,2024-03-27
CUST-10035,Anne-Marie Beckmann,irmtraut93@example.org,(09904) 94503,Cologne,2025-10-21
CUST-10036,Semra Schüler,alberto59@example.org,06276 26657,Munich,2026-03-09
CUST-10037,Antonino Klemt,gertzingolf@example.com,(04944) 653166,Berlin,2025-07-24
CUST-10038,Brunhild Mude,hildaroht@example.net,+49(0) 995362024,Frankfurt,2025-04-12
CUST-10039,Waltraut Mende,scholzjeannette@example.org,+49(0)0001 27119,Hamburg,2024-06-25
CUST-10040,Margaret Rosemann,baerermargaretha@example.net,05828 074814,Cologne,2025-09-16
CUST-10041,Ing. Louise Nette,boernerhelga@example.org,+49(0)1632 431217,Hamburg,2024-12-11
CUST-10042,Ilhan Klotz,geraldineschuster@example.com,0045176665,Munich,2025-02-17
CUST-10043,Niklas Rädel,hbien@example.com,(07468) 20852,Berlin,2025-04-26
CUST-10044,Karl-Georg Riehl,rring@example.org,(08535) 782197,Frankfurt,2025-02-16
CUST-10045,René Steckel,scholtzheiko@example.org,03605 81079,Cologne,2025-12-11
CUST-10046,Marit Rörricht-Scholtz,urszulawalter@example.net,+49(0) 984426004,Frankfurt,2025-12-09
CUST-10047,Dr. Hans Dieter Knappe,edward44@example.org,+49(0)7651 013463,Berlin,2026-03-08
CUST-10048,Hugo Scheibe,sibilla40@example.org,(06426) 273653,Cologne,2024-12-12
CUST-10049,Rosel Pechel,milenazorbach@example.org,0300617658,Frankfurt,2025-04-08
CUST-10050,Klemens Kühnert B.A.,haeringosman@example.org,03132360283,Cologne,2024-12-22
CUST-10051,Salvatore Gotthard MBA.,hans-christianbaehr@example.com,+49(0) 303241453,Munich,2024-12-22
CUST-10052,Leszek Neuschäfer,lseip@example.org,09524724131,Frankfurt,2025-02-06
CUST-10053,Prof. Matthias Briemer B.A.,dseip@example.com,(06008) 255412,Frankfurt,2025-03-01
CUST-10054,Gundula Nerger,lhenk@example.com,07264 96277,Hamburg,2025-07-08
CUST-10055,Bernward Hartmann,zbaerer@example.net,06482 653399,Hamburg,2025-02-21
CUST-10056,Wendelin Drewes B.Sc.,ystiebitz@example.net,+49(0)6198 76993,Berlin,2024-11-09
CUST-10057,Jana Tintzmann,striebitzgottlieb@example.org,01100 073021,Cologne,2025-08-27
CUST-10058,Dr. Waldtraut Butte,bachmannegon@example.org,(03880) 422638,Berlin,2025-03-24
CUST-10059,Melanie Becker,korbinian09@example.com,00989382352,Cologne,2024-05-25
CUST-10060,Stefani Sontag,achim16@example.net,0157963758,Munich,2025-02-19
CUST-10061,Frau Selma Radisch,schenkhendrik@example.com,+49(0) 983584860,Frankfurt,2025-03-01
CUST-10062,Greta Caspar-Patberg,bchristoph@example.com,+49(0)8413 781928,Munich,2026-03-05
CUST-10063,Henriette Trüb,mary86@example.com,+49(0)6458 493607,Munich,2025-03-14
CUST-10064,Frau Käte Mohaupt B.A.,viktoriasegebahn@example.org,(03313) 53016,Hamburg,2025-06-26
CUST-10065,Manuela Seip,wellermaren@example.com,03917 617255,Hamburg,2026-03-11
CUST-10066,Nicolas Sorgatz,cfechner@example.org,01020 553751,Munich,2025-10-10
CUST-10067,Univ.Prof. Witold Heinz B.A.,albrecht95@example.net,+49(0)5809 16081,Frankfurt,2025-03-31
CUST-10068,Ing. Judith Nerger,stollronald@example.org,0823771353,Hamburg,2024-12-12
CUST-10069,Clara Meyer,hharloff@example.net,0496172204,Cologne,2024-09-21
CUST-10070,Prof. Edit Briemer B.Eng.,ulrikeritter@example.com,+49(0) 197875075,Cologne,2025-12-24
CUST-10071,Dorina Klapp,soedingsami@example.org,+49(0)0708 32989,Berlin,2025-01-04
CUST-10072,Ing. Leonard Ernst,qschweitzer@example.org,05775 18124,Berlin,2024-03-25
CUST-10073,Frau Ilka Seifert B.A.,drubdiether@example.com,(06324) 39997,Cologne,2024-09-10
CUST-10074,Ing. Lotte Kraus B.Eng.,edelbert06@example.org,(05461) 86823,Munich,2024-07-23
CUST-10075,Dominic Heß MBA.,giessrico@example.com,09801 98892,Hamburg,2025-07-13
CUST-10076,Bernhard Heß,wilhelmineluebs@example.net,09145 781287,Cologne,2025-04-01
CUST-10077,Rüdiger Dehmel,corddoering@example.com,03963355714,Cologne,2025-12-25
CUST-10078,William Kitzmann,gehringerviviane@example.org,+49 (0) 1671 868324,Berlin,2024-03-28
CUST-10079,Herr Ferenc Schottin,michail56@example.com,+49 (0) 5083 057262,Cologne,2026-03-15
CUST-10080,Waldemar Mosemann,christiana24@example.net,0908738510,Munich,2026-02-02
CUST-10081,Eberhardt Mans,silkehecker@example.net,(04567) 54303,Cologne,2025-12-08
CUST-10082,Reza Krebs,ottmar81@example.org,+49(0)5639 90711,Cologne,2025-10-19
CUST-10083,Hans-Dieter Salz B.Sc.,fhecker@example.org,+49(0) 646029793,Cologne,2026-02-03
CUST-10084,Waltraud Förster,hedwigbutte@example.net,(04889) 522286,Berlin,2025-08-27
CUST-10085,Univ.Prof. Reinhold Keudel B.Sc.,siegridschoenland@example.org,07543601901,Hamburg,2025-09-07
CUST-10086,Carlos Börner B.Eng.,henschelkaty@example.net,07940 54512,Frankfurt,2025-10-10
CUST-10087,Olav Heinz,wulffmagrit@example.org,+49(0)0919 169210,Berlin,2024-05-06
CUST-10088,Dipl.-Ing. Iris Striebitz,norbert98@example.org,(01897) 60433,Munich,2024-08-24
CUST-10089,Prof. Christine Jessel,reuterslavko@example.net,+49(0)0529 60593,Hamburg,2024-05-31
CUST-10090,Siegmar Kranz,sigmarrogner@example.org,07178 03276,Berlin,2025-12-25
CUST-10091,Univ.Prof. Thomas Gutknecht,adleringe@example.org,01250 539811,Berlin,2026-02-25
CUST-10092,Fedor Schuchhardt,dpaertzelt@example.com,+49(0)9309 352936,Hamburg,2025-06-19
CUST-10093,Nicolas Kraushaar-Wilmsen,jniemeier@example.org,+49(0)2301 66195,Hamburg,2024-08-22
CUST-10094,Herr Achim Hermann B.A.,hweinhage@example.net,06006015270,Berlin,2025-07-03
CUST-10095,Gesine Barkholz,bastian62@example.org,02604870166,Berlin,2025-12-18
CUST-10096,Johanna Eberth B.Eng.,moestrovsky@example.com,(08352) 57653,Hamburg,2025-06-24
CUST-10097,Gisela Cichorius,fweiss@example.com,08108 632918,Frankfurt,2024-06-24
CUST-10098,Franz Schleich,mitschkeheinz-guenther@example.org,0939559135,Berlin,2024-07-22
CUST-10099,Nora Briemer,krzysztof37@example.com,+49(0)0896 535840,Hamburg,2024-06-29
CUST-10100,Marlene Lachmann MBA.,putzveit@example.com,+49(0)5136907774,Berlin,2025-04-26
CUST-10101,Univ.Prof. Lilli Söding MBA.,hhauffer@example.com,(01355) 17944,Hamburg,2024-09-28
CUST-10102,Ing. Sybilla Schüler B.Sc.,tilmannnaser@example.org,(03042) 19289,Frankfurt,2024-07-14
CUST-10103,Irmela Kohl-Reinhardt,evelyne92@example.org,(08230) 125685,Hamburg,2025-05-25
CUST-10104,Kristin Finke,janusz05@example.com,01163577413,Cologne,2025-03-09
CUST-10105,Prof. Amir Mangold B.Sc.,gotthardkade@example.org,(09206) 907119,Frankfurt,2024-08-31
CUST-10106,Dr. Adam Bolander B.A.,haenelhinrich@example.com,+49 (0) 6083 743532,Hamburg,2024-07-28
CUST-10107,Kurt Keudel-Sager,bernardweller@example.org,+49(0)5004667334,Berlin,2025-01-03
CUST-10108,Dragica Henschel,mechtildgerlach@example.net,(04871) 438515,Frankfurt,2025-12-05
CUST-10109,Gunar Gerlach,hartwig06@example.org,(03798) 175446,Cologne,2024-12-17
CUST-10110,Eugenia Junck,azorbach@example.net,+49 (0) 7728 522900,Munich,2024-12-24
CUST-10111,Dipl.-Ing. Stephan Zimmer MBA.,anthony39@example.com,+49 (0) 5317 717533,Hamburg,2026-02-25
CUST-10112,Dr. Bernward Ehlert B.Eng.,bolnbachanja@example.net,01931 35835,Cologne,2024-09-14
CUST-10113,Grete Kohl MBA.,timmschweitzer@example.org,+49(0)5743286309,Cologne,2026-01-24
CUST-10114,Birgitt Pergande B.Eng.,kuschstjepan@example.com,+49(0)1063 28741,Cologne,2024-04-15
CUST-10115,Rüdiger Budig,wohlgemutmartin@example.org,+49(0) 377969706,Frankfurt,2024-08-13
CUST-10116,Hanspeter Cichorius,benthinwilly@example.org,+49(0)5148 475912,Frankfurt,2025-10-06
CUST-10117,Dr. Peggy Kohl B.Eng.,rupert18@example.com,+49(0)6854292620,Hamburg,2024-12-06
CUST-10118,Diethelm Klemt,kambshannchen@example.net,0944083953,Frankfurt,2024-11-25
CUST-10119,Herr Rolf Mans MBA.,hans-michael76@example.com,08683 981462,Munich,2025-05-02
CUST-10120,Zoran Hövel,lrogge@example.net,+49(0)2090 56483,Berlin,2025-07-28
CUST-10121,Gunther Mälzer,andre97@example.org,+49(0) 238840049,Hamburg,2026-03-24
CUST-10122,Gerdi Geisel,rigo88@example.org,0248931915,Frankfurt,2024-08-04
CUST-10123,Natalie Loos,bweinhold@example.org,0280943774,Berlin,2025-03-28
CUST-10124,Dipl.-Ing. Hilda Mohaupt B.Sc.,efischer@example.net,(06455) 584943,Cologne,2026-02-08
CUST-10125,Ole Heidrich,benjamin98@example.com,(08062) 690753,Cologne,2024-04-24
CUST-10126,Sieglinde Hande B.Sc.,dlindner@example.com,+49(0)2030 723810,Cologne,2024-05-28
CUST-10127,Barbara Liebelt,schaafzdenka@example.org,+49 (0) 6022 300341,Berlin,2025-12-26
CUST-10128,Vinzenz Eckbauer MBA.,loechelveronica@example.org,+49(0)5708 168147,Cologne,2024-12-17
CUST-10129,Univ.Prof. Ekrem Gumprich B.Eng.,isapaffrath@example.org,04338464045,Munich,2025-05-25
CUST-10130,Dipl.-Ing. Gloria Reising B.Eng.,raymond11@example.net,(09028) 943525,Hamburg,2025-02-11
CUST-10131,Ing. Clara Seidel B.Eng.,edda07@example.net,+49(0) 465844285,Frankfurt,2025-09-10
CUST-10132,Camilla Johann,scheuermannmonja@example.org,04460 84563,Hamburg,2024-10-26
CUST-10133,Erna Carsten,salihbluemel@example.org,+49(0)5178 556967,Berlin,2025-03-26
CUST-10134,Karin Franke,maltehentschel@example.org,+49(0)5442035093,Munich,2025-12-08
CUST-10135,Inna Adolph,reinhardtvictor@example.com,05156 570762,Berlin,2024-05-02
CUST-10136,Dr. Muzaffer Wesack B.A.,dagobert10@example.net,+49(0)6155 69533,Hamburg,2025-05-09
CUST-10137,Rudolf Rose,frida24@example.net,(07773) 125153,Frankfurt,2024-12-16
CUST-10138,Ing. Viviane Bonbach,alban49@example.com,(08814) 18224,Berlin,2025-03-25
CUST-10139,Lidija Gumprich,pwulff@example.net,0299590768,Hamburg,2024-12-03
CUST-10140,Friedl Löffler,yloewer@example.net,06359 544779,Frankfurt,2024-07-22
CUST-10141,Univ.Prof. Zehra Hoffmann B.Eng.,lidwinaadolph@example.com,(05380) 64706,Frankfurt,2026-01-01
CUST-10142,Ing. Alfonso Sauer,klotzernst@example.com,08659 72522,Hamburg,2026-01-16
CUST-10143,Baptist Kensy MBA.,roccoklemt@example.com,00486 382561,Munich,2024-08-24
CUST-10144,Dr. Edwin Etzold B.Sc.,dsteckel@example.com,(06453) 86200,Cologne,2025-01-19
CUST-10145,Joseph Hartmann,virginia18@example.net,+49(0) 263845660,Cologne,2026-01-12
CUST-10146,Dipl.-Ing. Margot Kostolzin B.Sc.,vfliegner@example.org,(07852) 922989,Hamburg,2026-01-15
CUST-10147,Evamaria Steinberg,torben30@example.org,0974929230,Frankfurt,2026-03-06
CUST-10148,Ria Biggen,hzobel@example.org,(08739) 221278,Frankfurt,2024-06-23
CUST-10149,Ingetraud Stolze,gabyzirme@example.com,(01822) 55400,Cologne,2026-03-03
CUST-10150,Dipl.-Ing. Jaqueline Karge,meinolfherrmann@example.org,(03815) 35101,Berlin,2025-10-15
CUST-10151,Ewa Kreusel-Riehl,gerfried49@example.net,+49(0) 654668758,Frankfurt,2025-01-24
CUST-10152,Henri Zobel,vschleich@example.com,0812825735,Hamburg,2025-01-29
CUST-10153,Frau Annamaria Budig,winklerhans-georg@example.com,0432201210,Frankfurt,2025-01-23
CUST-10154,Henning Löwer-Holzapfel,lweinhage@example.org,+49 (0) 0942 401148,Munich,2025-10-16
CUST-10155,Norman Schleich,carstenslavica@example.org,04021 160593,Berlin,2025-03-06
CUST-10156,Univ.Prof. Ronny Kühnert,losekannberit@example.com,06675 52697,Hamburg,2025-07-31
CUST-10157,Ing. Ivan Thies,jkensy@example.com,0437017166,Berlin,2024-10-03
CUST-10158,Anatoli Schmiedecke,lkuehnert@example.org,+49(0)7259555616,Munich,2024-07-20
CUST-10159,Beate Weiß,emaelzer@example.com,+49(0)0640 89601,Berlin,2025-06-19
CUST-10160,Hugo Löffler,vogtjutta@example.com,+49(0)4405 368603,Berlin,2024-11-23
CUST-10161,Ibrahim Davids,klingelhoeferwilli@example.com,0147821244,Frankfurt,2024-10-30
CUST-10162,Herr Hans-H. Zimmer,celal10@example.org,(08607) 598504,Berlin,2025-01-28
CUST-10163,Dipl.-Ing. Jaqueline Berger,keudeltheda@example.com,+49(0)2029 09107,Frankfurt,2025-06-03
CUST-10164,Gabor Weinhage,kaete03@example.com,+49(0)4544 59054,Cologne,2025-12-27
CUST-10165,Sepp Schmiedt,madeleinekramer@example.com,+49(0)0250 03133,Berlin,2025-04-29
CUST-10166,Hannelore Ruppert MBA.,karl-ernstrosemann@example.org,07071 600912,Berlin,2025-06-21
CUST-10167,Ariane Hamann,lbaum@example.com,0262941643,Munich,2025-12-31
CUST-10168,Ortrud Seifert,ingelorehahn@example.com,04657032485,Hamburg,2026-03-05
CUST-10169,Klaus-D. Martin,dmielcarek@example.net,+49(0)8803 546643,Munich,2025-09-13
CUST-10170,Elisa Budig-Dehmel,adina87@example.net,(04952) 761238,Frankfurt,2025-10-28
CUST-10171,Eitel Hering,magnusjungfer@example.net,+49(0)7315 380668,Munich,2026-01-13
CUST-10172,Werner Bruder-Becker,pbecker@example.com,+49(0)5502849286,Cologne,2024-04-20
CUST-10173,Marina Gotthard,anke02@example.net,07591737798,Munich,2026-01-03
CUST-10174,Ferdi Steinberg,liaklingelhoefer@example.net,(06348) 845043,Hamburg,2024-06-25
CUST-10175,Gülay Mohaupt-Mude,ctlustek@example.net,+49(0)6773672517,Cologne,2024-06-17
CUST-10176,Karola Martin-Karz,hettnerlorenzo@example.net,06260 48318,Cologne,2024-04-15
CUST-10177,Oda Ziegert,anne-rose81@example.org,+49(0)6528 72187,Berlin,2024-05-06
CUST-10178,Alfonso Sager-Jacob,heinz-josef15@example.net,+49 (0) 9775 171960,Cologne,2025-09-20
CUST-10179,Anna-Lena Drub MBA.,lhess@example.com,00851683404,Hamburg,2025-06-25
CUST-10180,Anton Killer,loosgloria@example.com,02139079018,Frankfurt,2025-04-04
CUST-10181,Ivo Herrmann,zoranreichmann@example.net,+49(0) 453573757,Munich,2025-03-21
CUST-10182,Marion Oestrovsky,siljahamann@example.com,00578903368,Berlin,2026-03-24
CUST-10183,Dipl.-Ing. Theodora Kraus B.Eng.,sroht@example.org,+49(0)2269736199,Frankfurt,2024-06-19
CUST-10184,Lorenzo Rädel,john61@example.net,06389 775098,Munich,2025-08-06
CUST-10185,Swen Austermühle MBA.,binnernadeshda@example.net,+49(0)1707 357793,Munich,2024-05-21
CUST-10186,Adam auch Schlauchin,ljiljana51@example.com,03564 636520,Hamburg,2025-08-14
CUST-10187,Harry Grein Groth-Hamann,hellmuthdoering@example.org,(05242) 378721,Cologne,2024-09-16
CUST-10188,Alfons Gude,nmangold@example.net,+49 (0) 6214 830343,Munich,2025-10-21
CUST-10189,Edeltraud Röhricht MBA.,fknappe@example.org,+49(0)2952284614,Hamburg,2024-08-15
CUST-10190,Andrea Lange MBA.,siglinde47@example.net,+49(0) 921981835,Berlin,2024-09-25
CUST-10191,Andreas Haering,eberhardt27@example.net,09337 281496,Hamburg,2024-10-13
CUST-10192,Prof. Mareen Faust,rwirth@example.net,00959 64945,Berlin,2025-09-12
CUST-10193,Ing. Stella Killer MBA.,stefanradisch@example.org,+49(0)3362 08082,Cologne,2025-01-26
CUST-10194,Walther Kruschwitz,mzirme@example.org,0823270497,Munich,2025-09-09
CUST-10195,Prof. Rosi Otto MBA.,vgumprich@example.net,0513131164,Munich,2026-01-23
CUST-10196,Bayram Gieß,marko90@example.org,08599 13175,Hamburg,2025-09-13
CUST-10197,Ina Pohl,eetzler@example.net,(07068) 207983,Cologne,2024-05-26
CUST-10198,Frau Patrizia Hofmann,katrinullmann@example.org,06941 331385,Cologne,2026-01-19
CUST-10199,Jasmina van der Dussen,brankawinkler@example.com,+49(0)5928 801172,Frankfurt,2025-10-14
CUST-10200,Leif Fliegner,wellermarlene@example.org,0926755324,Berlin,2025-09-17
CUST-10201,Jost Ebert,reiner34@example.com,+49(0) 517285305,Berlin,2025-04-04
CUST-10202,Mirella Karz-Lindner,sybillabecker@example.net,+49(0) 447950520,Frankfurt,2024-07-17
CUST-10203,Imke Otto,telse28@example.org,(05797) 16631,Cologne,2024-11-17
CUST-10204,Dietlinde Dussen van,rhentschel@example.org,+49(0)6825 19403,Cologne,2024-05-08
CUST-10205,Guenther Stoll,antonio78@example.org,(07665) 74681,Munich,2025-01-12
CUST-10206,Nadia Förster,rlehmann@example.com,01733655350,Hamburg,2025-04-06
CUST-10207,Dr. Frederike Zobel B.Sc.,etzoldaxel@example.org,+49(0)4751 97311,Frankfurt,2024-07-20
CUST-10208,Madlen Bloch,preisssylwia@example.net,(03708) 97896,Hamburg,2025-10-31
CUST-10209,Kathrin Wirth,kdoerschner@example.org,+49(0)1615374384,Frankfurt,2024-06-07
CUST-10210,Dr. Bernd-Dieter Mitschke,hanne98@example.com,08144442495,Berlin,2024-05-30
CUST-10211,Dipl.-Ing. Vitus Löwer,gitta03@example.org,+49 (0) 5206 151459,Munich,2025-09-20
CUST-10212,Leon Flantz-Schleich,caroline67@example.net,0560392664,Munich,2025-03-30
CUST-10213,Ing. Zbigniew Hermann,diethelmklingelhoefer@example.org,04465 023219,Cologne,2025-04-05
CUST-10214,Jaqueline Gute,gudearndt@example.org,+49(0)4728 506736,Berlin,2024-06-22
CUST-10215,Univ.Prof. Madlen Tintzmann,kruppert@example.org,+49(0)5699 56922,Hamburg,2025-02-04
CUST-10216,Sinaida Römer,vanessa12@example.com,08651 35553,Frankfurt,2025-04-23
CUST-10217,Theresia Kensy,britakobelt@example.net,05526 30706,Cologne,2026-03-04
CUST-10218,Cengiz Koch II,geiselabdullah@example.net,06102 60504,Frankfurt,2024-10-03
CUST-10219,Anna Hornig B.Eng.,conradseidel@example.com,+49 (0) 7470 839580,Cologne,2025-01-07
CUST-10220,Dipl.-Ing. Meinolf Eberth B.Eng.,dmuelichen@example.org,0662178422,Frankfurt,2024-04-23
CUST-10221,Dr. Johan Meister,marionberger@example.com,(03721) 215150,Frankfurt,2024-10-19
CUST-10222,Marlis Schmiedt,pavel01@example.com,06632 08766,Cologne,2025-10-05
CUST-10223,Stefania Sauer-Wesack,efreudenberger@example.net,+49(0) 270924262,Cologne,2025-05-19
CUST-10224,Isabell Albers,lmitschke@example.org,04557 11873,Berlin,2024-08-25
CUST-10225,Dr. Mercedes Bolnbach,tjunitz@example.org,+49(0)4288 951374,Berlin,2025-09-13
CUST-10226,Hildburg Weitzel,baptisttrommler@example.com,00237 92044,Frankfurt,2025-03-05
CUST-10227,Dipl.-Ing. Willibald Klotz,florianbluemel@example.com,(07229) 49076,Cologne,2024-09-18
CUST-10228,Detlef Eigenwillig,guelay68@example.org,(04554) 71734,Frankfurt,2026-02-13
CUST-10229,Liesel Hübel-Fechner,dorina82@example.org,0526307422,Munich,2025-04-28
CUST-10230,Prof. Gerard Salz,anniehoerle@example.org,07721 578155,Cologne,2024-03-30
CUST-10231,Herr Ali Gute B.Eng.,ditschlerinmuharrem@example.org,+49(0) 513620133,Hamburg,2025-12-02
CUST-10232,Univ.Prof. Piotr Meister MBA.,clemenskabus@example.net,(08183) 41144,Hamburg,2025-09-01
CUST-10233,Ing. Edith Renner,fatma86@example.com,+49 (0) 6466 164687,Cologne,2024-04-13
CUST-10234,Eckehard Spieß-Putz,mina74@example.com,+49(0)4338823420,Hamburg,2024-09-03
CUST-10235,Uta Jungfer,marie-theresharloff@example.net,+49(0)4166 55865,Munich,2024-08-11
CUST-10236,Leni Kramer,waltergiess@example.com,04055099359,Hamburg,2026-03-04
CUST-10237,Frau Joanna Hertrampf,gertrudkaester@example.org,+49(0)7237 79613,Hamburg,2025-10-18
CUST-10238,Magda Hörle,siegridgunpf@example.net,+49(0) 898158881,Cologne,2024-11-12
CUST-10239,Univ.Prof. Annemarie Hänel MBA.,wzahn@example.org,+49 (0) 2064 820627,Munich,2024-07-10
CUST-10240,Oscar Beier,lziegert@example.org,(05018) 163311,Munich,2025-12-03
CUST-10241,Denis Zahn-Ehlert,ottmar87@example.com,+49(0) 151833896,Cologne,2025-02-27
CUST-10242,Hartmuth Köster,gottfriedbolzmann@example.com,+49(0) 760663910,Berlin,2024-09-30
CUST-10243,Betti Finke,weisschristine@example.com,(00198) 38648,Hamburg,2024-06-02
CUST-10244,Kriemhild Weitzel,tseip@example.org,+49(0)2358 441210,Frankfurt,2024-12-04
CUST-10245,Hans-Georg Aumann,fwiek@example.com,06536 141474,Munich,2025-07-09
CUST-10246,Liliana Zobel,kristian37@example.net,+49(0)3594848153,Cologne,2025-04-24
CUST-10247,Gottlieb Klotz-Tlustek,tobiasgeisler@example.com,05754 575754,Hamburg,2024-07-22
CUST-10248,Hedda Preiß,rolf-dieter84@example.com,+49(0) 987231881,Cologne,2025-08-26
CUST-10249,Thomas Fliegner-Dehmel,klappmartin@example.com,+49(0)5432 97448,Berlin,2024-11-27
CUST-10250,Sigismund Kaul,werneckehans-wolfgang@example.com,0516598219,Frankfurt,2024-08-01
CUST-10251,Svea Hande-Thies,cord87@example.net,+49(0)4378865418,Berlin,2024-04-24
CUST-10252,Ibrahim Gehringer,xroemer@example.com,05161 08129,Berlin,2025-09-11
CUST-10253,Jose Koch II B.A.,hschacht@example.net,(09162) 242207,Hamburg,2024-05-15
CUST-10254,Natalie Säuberlich,hoefigmarius@example.net,(01536) 087307,Frankfurt,2025-01-17
CUST-10255,Prof. Ahmad Austermühle B.Eng.,odietz@example.org,0017905291,Berlin,2024-05-11
CUST-10256,Arthur Pärtzelt MBA.,kunigundepieper@example.com,+49(0) 872524767,Cologne,2025-03-20
CUST-10257,Frau Oxana Bohlander,karl-ernst17@example.com,02870449447,Berlin,2025-10-21
CUST-10258,David Dehmel,reginejaekel@example.org,(09246) 840211,Hamburg,2025-06-26
CUST-10259,Karolina Weihmann,giuseppegiess@example.org,0715981316,Cologne,2025-07-14
CUST-10260,Kilian Rädel-Lindau,sscheel@example.net,01078 267045,Frankfurt,2025-01-15
CUST-10261,Miodrag Hofmann,ernst-ottobluemel@example.net,(06304) 220507,Hamburg,2025-10-14
CUST-10262,Prof. Emanuel Jessel,sstadelmann@example.com,+49(0) 227321096,Berlin,2024-05-15
CUST-10263,Cilli Beier,rosenowtuelay@example.org,(05986) 536698,Hamburg,2024-05-25
CUST-10264,Marianna Radisch,van-der-dussendan@example.net,0135613675,Cologne,2024-05-23
CUST-10265,Otfried Patberg,clarakarz@example.org,+49(0)5806 257107,Hamburg,2025-05-16
CUST-10266,Prof. Conny Schleich MBA.,alessandro24@example.org,+49 (0) 6912 016481,Berlin,2025-05-29
CUST-10267,Henrike Seifert,dkreusel@example.org,+49(0)5919 916751,Cologne,2026-03-11
CUST-10268,Traudl Neureuther,craedel@example.org,(04101) 96541,Munich,2025-04-29
CUST-10269,Antonina Röhricht MBA.,nadintextor@example.org,+49(0)3453 25574,Munich,2025-02-21
CUST-10270,Dipl.-Ing. Kasimir Hande,sibillescholl@example.org,06563353691,Munich,2024-06-29
CUST-10271,Tim Bärer,adelebien@example.net,+49(0)7589 490375,Frankfurt,2025-01-16
CUST-10272,Rose Junck B.Sc.,pierrereinhardt@example.com,+49(0)3723 85432,Cologne,2024-12-15
CUST-10273,Carola Zahn-Börner,josedehmel@example.org,+49(0)0227976046,Cologne,2025-08-04
CUST-10274,Prof. Pasquale van der Dussen MBA.,vfoerster@example.org,02303 194689,Berlin,2024-04-28
CUST-10275,Faruk Gieß MBA.,georgeweitzel@example.org,06852 479044,Hamburg,2024-05-16
CUST-10276,Britt Kabus B.A.,hoerlecarmelo@example.com,+49(0)0079 43224,Cologne,2025-07-05
CUST-10277,Edith Zirme,urtewilmsen@example.net,01617 624455,Munich,2025-11-07
CUST-10278,Wilfried Rogner,wagenknechtdenis@example.com,(01510) 448300,Munich,2026-01-28
CUST-10279,Harold Klingelhöfer,frankflantz@example.net,07027368664,Berlin,2024-07-21
CUST-10280,Bastian Hauffer,rkrause@example.net,(08770) 235460,Frankfurt,2025-04-26
CUST-10281,Hermine Hövel,schwitalmurat@example.net,+49(0)9869042513,Frankfurt,2024-04-30
CUST-10282,Ana Oestrovsky B.A.,marianhecker@example.com,+49(0) 623150124,Berlin,2025-10-28
CUST-10283,Ullrich Kobelt B.Sc.,zaenkeradriana@example.org,00405 804150,Frankfurt,2024-10-27
CUST-10284,Dipl.-Ing. Ilse Hartmann MBA.,lmaelzer@example.com,+49(0) 030287715,Berlin,2026-01-26
CUST-10285,Irena Kostolzin-Hörle,gilbert68@example.com,+49(0) 893956595,Berlin,2024-04-19
CUST-10286,Dr. Edward Kühnert,gereonzirme@example.com,+49(0)0996 58838,Hamburg,2024-03-25
CUST-10287,Gundula Heintze,klothildereinhardt@example.org,+49(0)1389 159580,Berlin,2025-08-08
CUST-10288,Nils Plath,rhuebel@example.org,+49(0)4430 893255,Berlin,2026-03-17
CUST-10289,Konstantin Rohleder-Heydrich,francoise59@example.org,+49(0)8393603275,Hamburg,2025-12-11
CUST-10290,Bayram Neureuther,monjapohl@example.net,0843912488,Hamburg,2025-03-03
CUST-10291,Cläre Preiß,kocherhardt@example.com,0894043045,Frankfurt,2025-04-14
CUST-10292,Jacqueline Cichorius,sauerleopoldine@example.org,01615 310715,Munich,2025-10-18
CUST-10293,Univ.Prof. Yvonne Zänker B.Eng.,luigi49@example.com,(07470) 10402,Cologne,2026-01-11
CUST-10294,Dursun Oestrovsky,reginaldhuhn@example.org,+49(0) 319887543,Frankfurt,2024-08-09
CUST-10295,Frau Nadja Stoll MBA.,johanneugenia@example.org,(03122) 58915,Munich,2024-12-01
CUST-10296,Magrit Dörr-Schüler,stefaniedowerg@example.net,0572022744,Hamburg,2025-11-18
CUST-10297,Julia Oestrovsky-Butte,slavica20@example.com,03999648118,Munich,2026-01-06
CUST-10298,Dipl.-Ing. Tim Scheel MBA.,iboerner@example.net,(09071) 09467,Berlin,2025-10-12
CUST-10299,Maritta Kraushaar,margarita11@example.org,+49(0)9484 16054,Munich,2024-09-26
CUST-10300,Danielle Striebitz,sybilla87@example.com,0589500354,Cologne,2025-04-15
CUST-10301,Dörte Trubin,doehnnikolai@example.net,+49(0)7030 32739,Berlin,2025-08-23
CUST-10302,Hans-Theo Wulff-Etzold,fabiennegude@example.net,04164 873947,Berlin,2026-03-06
CUST-10303,Frau Liliana Riehl MBA.,jeanninewieloch@example.org,+49(0) 958186486,Berlin,2025-04-20
CUST-10304,Ing. Hajo Pruschke,marlisditschlerin@example.com,+49 (0) 7648 816125,Berlin,2024-10-05
CUST-10305,Luisa Herrmann,giesela82@example.net,08815 542804,Berlin,2024-12-17
CUST-10306,Anne-Marie Holzapfel,magdabachmann@example.org,(04439) 02062,Berlin,2024-10-16
CUST-10307,Melanie Finke,ijuettner@example.net,+49(0)4512030151,Frankfurt,2024-12-13
CUST-10308,Julian Dehmel,jockelkemal@example.org,+49 (0) 4832 825022,Hamburg,2025-02-12
CUST-10309,Ing. Gino Biggen,sergejrose@example.org,05604 49771,Cologne,2025-11-12
CUST-10310,Thoralf Caspar-Stadelmann,henkdrago@example.net,05271 78495,Hamburg,2025-01-30
CUST-10311,Ekrem Beer,ioannisschleich@example.com,(00539) 62350,Frankfurt,2026-01-19
CUST-10312,Dr. Henni Hertrampf B.Sc.,stiebitzrotraut@example.org,(09172) 266128,Munich,2024-11-14
CUST-10313,Eitel Langern,fschoenland@example.org,+49 (0) 7677 156414,Frankfurt,2024-07-23
CUST-10314,Frederike Kreusel,gthies@example.org,09974639850,Cologne,2025-05-08
CUST-10315,Edmund Gierschner B.Eng.,wnoack@example.net,+49(0)2833 727889,Berlin,2025-09-29
CUST-10316,Ilka Hänel B.Eng.,brigitte04@example.net,0715989987,Frankfurt,2025-08-07
CUST-10317,Dipl.-Ing. Theresa Nerger MBA.,willyfiebig@example.org,+49(0)5042 347023,Frankfurt,2025-04-08
CUST-10318,Dipl.-Ing. Hans-Eberhard Junk,imrekroker@example.org,+49(0)6592 62075,Cologne,2026-01-30
CUST-10319,Hans-Martin Bonbach B.Eng.,alfredostahr@example.org,00616 189506,Hamburg,2025-04-26
CUST-10320,Hans-Martin Hertrampf-Hendriks,aheintze@example.com,00618 485805,Frankfurt,2024-09-22
CUST-10321,Univ.Prof. Rosi Juncken,felizitas38@example.org,+49(0)3000286001,Cologne,2025-01-05
CUST-10322,Achim Hiller,hans-heinrich36@example.net,+49 (0) 7272 645696,Frankfurt,2025-07-02
CUST-10323,Gordon Dehmel,bklemm@example.net,00266892299,Berlin,2026-03-14
CUST-10324,Aneta Reichmann,gunnar51@example.com,+49(0) 213066264,Berlin,2024-09-18
CUST-10325,Marleen Steckel B.Sc.,ariane69@example.net,(02274) 52977,Frankfurt,2024-11-15
CUST-10326,Dr. Louis Franke B.Sc.,falko66@example.net,+49(0) 586646062,Berlin,2025-05-25
CUST-10327,René Hesse,gretchen40@example.org,(05130) 640157,Cologne,2026-01-17
CUST-10328,Christiane Reuter-Mosemann,losekannlambert@example.net,04514 00709,Hamburg,2024-07-05
CUST-10329,Liselotte Kohl,schweitzerurban@example.net,(08873) 760957,Berlin,2024-11-21
CUST-10330,Heinz-Jürgen Blümel,gilbert85@example.com,09988 19146,Hamburg,2025-01-09
CUST-10331,Frau Gordana Jockel MBA.,ceberhardt@example.net,+49(0) 991842375,Frankfurt,2024-08-17
CUST-10332,Annelies Rädel,edelbert03@example.net,+49(0)8492 72391,Cologne,2025-11-04
CUST-10333,Hanne-Lore Scheel-Söding,jost49@example.com,(03443) 561791,Berlin,2025-06-29
CUST-10334,Aleksandr Kroker,henrik24@example.net,(07584) 662763,Hamburg,2026-02-03
CUST-10335,Univ.Prof. Adem Schacht,ozahn@example.com,+49(0)5696 81391,Hamburg,2024-12-21
CUST-10336,Thoralf Schuchhardt,hans-adolfscheuermann@example.org,09180 561211,Cologne,2024-07-04
CUST-10337,Meinrad Schmidtke,liebeltsemra@example.com,+49(0)8433724853,Frankfurt,2025-06-04
CUST-10338,Christian Söding,heinz-dietertrommler@example.net,07566 02416,Munich,2024-11-01
CUST-10339,Prof. Gilbert Birnbaum B.Eng.,wsoeding@example.com,00828 18651,Cologne,2026-02-15
CUST-10340,Dr. Harm Ebert B.A.,heinz-walter77@example.org,03630 324902,Cologne,2026-02-07
CUST-10341,Calogero Reising,aleksandr10@example.org,+49(0)9284 90797,Cologne,2024-12-15
CUST-10342,Georg Sorgatz,mangoldmonja@example.net,+49 (0) 8019 694393,Berlin,2025-10-26
CUST-10343,Gerolf Bohlander,hans-juergen40@example.com,(00249) 844794,Frankfurt,2024-11-03
CUST-10344,Edeltraud Junk,zimmergabriella@example.org,+49(0) 717460409,Hamburg,2024-11-06
CUST-10345,Harro Blümel-Atzler,ltrupp@example.com,0585380059,Munich,2024-10-28
CUST-10346,Ing. Hans-Willi Metz B.Eng.,loewereberhardt@example.com,09190 708406,Hamburg,2025-03-24
CUST-10347,Prof. Ayse Rohleder,samirschmidtke@example.com,05449 65017,Cologne,2024-07-03
CUST-10348,Ing. Nikolaj Mende,helmut22@example.com,+49(0)0839 285102,Munich,2024-09-14
CUST-10349,Sonja Schinke,steffipieper@example.net,+49(0)6729 60557,Berlin,2026-02-22
CUST-10350,Regine Nette,udobes@example.com,+49(0)3303 43553,Munich,2025-02-06
CUST-10351,Ing. Sedat Junken B.Sc.,fdavids@example.net,(01080) 92583,Cologne,2025-12-23
CUST-10352,Waldtraut Trapp,johannfranca@example.com,+49 (0) 9464 718197,Cologne,2025-12-10
CUST-10353,Alicia Becker,kambsgiovanna@example.org,02223 098378,Hamburg,2026-01-08
CUST-10354,Ing. Emmerich Anders,juettneranne-kathrin@example.org,(00786) 181044,Cologne,2024-04-05
CUST-10355,Giovanna Hartmann,segebahnhanife@example.com,(05833) 915355,Cologne,2026-02-01
CUST-10356,Monica Eckbauer,maryrust@example.net,0254227282,Munich,2025-02-14
CUST-10357,Prof. Ivanka Scheel,killerfranz-josef@example.net,+49(0) 336875026,Berlin,2024-04-29
CUST-10358,Uta Bauer,peroneuschaefer@example.net,09860751136,Berlin,2024-08-25
CUST-10359,Dr. Josefine Wulf,christianpruschke@example.com,0611541962,Frankfurt,2025-04-14
CUST-10360,Hans-Josef Gude,wendealena@example.com,+49(0)9283938394,Cologne,2025-02-24
CUST-10361,Liesbeth Beer,loecheljana@example.org,+49(0) 983894266,Berlin,2024-08-14
CUST-10362,Mark Seip,norbertwohlgemut@example.org,07136 075931,Munich,2025-01-01
CUST-10363,Frau Marleen Jockel B.A.,gunpfreinhild@example.org,+49(0)9758 76990,Frankfurt,2024-12-31
CUST-10364,Dr. Holger Putz B.Sc.,meberth@example.org,+49(0)1679353755,Munich,2024-10-13
CUST-10365,Dana Anders,edgar89@example.net,00072 121104,Frankfurt,2025-11-15
CUST-10366,Hans-Friedrich Bauer,xhellwig@example.com,01250159427,Berlin,2025-09-01
CUST-10367,Jeannine Buchholz-Adolph,ajohann@example.com,06532 462170,Berlin,2025-10-13
CUST-10368,Univ.Prof. Oscar Hande,ronhenck@example.net,05268 275929,Hamburg,2026-03-25
CUST-10369,Vesna Hövel,regine38@example.org,(01830) 703844,Hamburg,2026-02-26
CUST-10370,Univ.Prof. Reiner Faust,eugenia69@example.org,+49 (0) 3540 391193,Munich,2025-01-22
CUST-10371,Ing. Dorina Hornich MBA.,stschentscher@example.com,+49(0) 739028599,Cologne,2025-02-12
CUST-10372,Victor Zobel,neuschaeferinka@example.com,06491501388,Hamburg,2025-10-09
CUST-10373,Janet Steinberg-Weimer,ebertbritta@example.com,+49(0)3243165420,Frankfurt,2025-06-09
CUST-10374,Dirk Warmer,hbeer@example.com,+49(0)8323 732445,Hamburg,2025-12-04
CUST-10375,Univ.Prof. Harriet Kraushaar,elena99@example.org,04824050146,Hamburg,2025-01-14
CUST-10376,Marija Trubin,vseifert@example.net,(06067) 18278,Munich,2025-03-26
CUST-10377,Sigfried Mies,judithloechel@example.com,+49(0)5382 03861,Munich,2024-10-25
CUST-10378,Madeleine Spieß-Scheibe,cemilsteuer@example.net,05052 99149,Munich,2025-07-28
CUST-10379,Klaus-D. Lachmann MBA.,sylvesterboucsein@example.com,+49(0)7132223972,Frankfurt,2025-10-29
CUST-10380,Univ.Prof. Constanze Christoph B.Eng.,joana71@example.net,+49(0)3846 832793,Frankfurt,2025-06-07
CUST-10381,Ilias Ruppersberger-Steinberg,dkramer@example.net,03701 57129,Munich,2025-12-08
CUST-10382,Thilo Ziegert,siegfriedchristoph@example.net,(09355) 686124,Munich,2025-08-02
CUST-10383,Eckart Kroker,paertzeltclaudius@example.net,+49(0)7919907537,Hamburg,2024-03-29
CUST-10384,Rochus Benthin,erhard56@example.org,03180824132,Cologne,2026-01-02
CUST-10385,Augusta Pölitz-Staude,rputz@example.net,+49(0)2528 030992,Frankfurt,2024-05-01
CUST-10386,Reinhilde Kruschwitz-Hertrampf,annhoevel@example.org,01356 37821,Munich,2024-08-28
CUST-10387,Dr. Leander Dörschner,samuelberger@example.org,+49(0)8992 192404,Berlin,2024-05-08
CUST-10388,Dipl.-Ing. Toni Schäfer B.Sc.,baereremin@example.net,+49(0) 732680143,Cologne,2024-12-23
CUST-10389,Edeltraud Pergande B.Eng.,tloeffler@example.com,+49 (0) 1978 272554,Cologne,2024-04-14
CUST-10390,Felicia Hermighausen,jeannine71@example.com,05069904196,Cologne,2025-02-26
CUST-10391,Johan Thies,lreichmann@example.net,+49(0)5025097670,Berlin,2024-08-23
CUST-10392,Mikhail Preiß,hansjoergseidel@example.com,+49 (0) 2532 035454,Cologne,2024-07-18
CUST-10393,Herr Henryk Söding,lidwinanohlmans@example.org,(07007) 441969,Munich,2025-03-14
CUST-10394,Gertraud Wulff B.Sc.,marisa36@example.net,+49(0)6873 833208,Berlin,2025-03-01
CUST-10395,Lina Mosemann,econradi@example.net,+49(0)3948552897,Frankfurt,2025-01-11
CUST-10396,Carmela Oderwald,marie-louise32@example.net,08886 34905,Berlin,2024-08-26
CUST-10397,Claudio Flantz,nils70@example.com,+49 (0) 7056 960785,Berlin,2025-05-06
CUST-10398,Valeri Graf,vwilms@example.com,+49(0)9350 699187,Frankfurt,2024-08-11
CUST-10399,Dr. Anna-Marie Christoph,langerncilly@example.com,(03348) 50935,Cologne,2025-11-12
CUST-10400,Univ.Prof. Olivia Geißler,dagmargerlach@example.org,(02904) 737047,Cologne,2025-04-21
CUST-10401,Emmerich Kobelt,hannes97@example.org,01756270039,Frankfurt,2025-03-12
CUST-10402,Melissa Nohlmans-Dowerg,pechelhenni@example.com,05718838393,Frankfurt,2025-09-29
CUST-10403,Marliese Spieß-Meyer,rschottin@example.com,+49(0)0078 908416,Frankfurt,2024-11-28
CUST-10404,Herr Hans-Adolf Trapp,boucseinurszula@example.com,(05869) 07292,Frankfurt,2026-01-12
CUST-10405,Ing. Ehrhard Jungfer MBA.,seifertfelix@example.net,+49(0)2960 09958,Munich,2025-04-04
CUST-10406,Ortrud Kobelt,nick48@example.com,06552864250,Hamburg,2024-06-15
CUST-10407,Hans-Wilhelm Wernecke-Söding,salzaleksandra@example.net,02923 653375,Berlin,2024-05-10
CUST-10408,Albin Hande,heidelinde18@example.com,+49 (0) 4481 536888,Cologne,2024-06-08
CUST-10409,Univ.Prof. Frank Spieß,pfliegner@example.net,0147033009,Hamburg,2025-05-29
CUST-10410,Abraham Schweitzer-Siering,freudenbergerantonio@example.org,06307 52497,Cologne,2024-04-02
CUST-10411,Ing. Maria-Theresia Keudel MBA.,lambertalbers@example.com,+49(0)6367339816,Frankfurt,2024-05-05
CUST-10412,Tibor Ackermann,peberth@example.net,+49(0)6973 42087,Cologne,2024-08-10
CUST-10413,Stjepan Austermühle,phillipkoehler@example.com,+49(0)9167 23664,Munich,2025-03-07
CUST-10414,Aurelia Möchlichen,fbohlander@example.com,05332 51353,Frankfurt,2024-10-06
CUST-10415,Burkard Kusch MBA.,drubinchristl@example.net,04764 462614,Cologne,2024-05-26
CUST-10416,Muzaffer Vogt B.Eng.,waltrautluebs@example.org,(09239) 798765,Berlin,2026-01-07
CUST-10417,Hans-Jörg Hendriks-Kuhl,horst-guentertextor@example.com,02136 04465,Hamburg,2024-04-09
CUST-10418,Tassilo Hiller,ipoelitz@example.net,(01894) 403291,Munich,2025-01-15
CUST-10419,Dr. Wibke Mude B.Eng.,hans-helmutweimer@example.org,01732 951853,Munich,2024-06-25
CUST-10420,Mathilde Schmiedt,rpieper@example.net,+49 (0) 6865 890873,Frankfurt,2025-01-20
CUST-10421,Adeline Schleich,muellerzoltan@example.org,(05888) 94168,Berlin,2025-10-20
CUST-10422,Frau Juliane Hövel MBA.,zdussen-van@example.org,08114 192241,Munich,2025-09-09
CUST-10423,Dino Langern,binnercarola@example.net,(07211) 785663,Hamburg,2025-06-01
CUST-10424,Dipl.-Ing. Utz Roskoth,marieluise80@example.net,0401374241,Cologne,2025-02-19
CUST-10425,Emmerich Heß,paertzeltjanette@example.org,+49(0)7191 172363,Frankfurt,2025-11-14
CUST-10426,Ing. Dragica Junitz B.A.,strapp@example.com,08363 12660,Hamburg,2024-09-26
CUST-10427,Theda Drub,ugerlach@example.com,(07352) 16695,Berlin,2025-03-15
CUST-10428,Irmtrud Mohaupt B.A.,margretlorch@example.com,(03947) 07286,Cologne,2025-08-13
CUST-10429,Prof. Waldemar Jopich,dorothea57@example.com,00872484758,Berlin,2024-08-16
CUST-10430,Kathi Loos,qlosekann@example.net,+49(0)3575580601,Berlin,2026-01-01
CUST-10431,Constance Pölitz B.Sc.,schombercanan@example.com,(06697) 177569,Munich,2024-06-06
CUST-10432,Hagen Bolander,hubertuskraushaar@example.org,+49(0)7241 403089,Frankfurt,2024-04-21
CUST-10433,Hans-Theo Cichorius B.A.,belaziegert@example.com,01971621215,Munich,2024-12-12
CUST-10434,Monica Benthin,vkallert@example.org,+49(0)5076 02538,Hamburg,2025-05-20
CUST-10435,Ignaz Pölitz,heidrichmattias@example.org,+49(0) 481775952,Berlin,2024-08-20
CUST-10436,Tomas Peukert-Eberhardt,ina21@example.com,(06694) 91825,Frankfurt,2025-08-08
CUST-10437,Melanie Klotz-Lindner,ydussen-van@example.org,+49(0) 874340990,Munich,2024-08-08
CUST-10438,Prof. Falk Zirme B.Sc.,emmametz@example.net,0214137729,Cologne,2025-08-23
CUST-10439,Frau Helga Ullmann,heinzfranka@example.net,03032 68761,Berlin,2025-07-26
CUST-10440,Laszlo Junitz,gerhard94@example.com,(04685) 142098,Munich,2024-06-13
CUST-10441,Hartwig Berger MBA.,seifertmirco@example.com,+49(0)7923 46052,Berlin,2025-09-20
CUST-10442,Kata Albers,ibrahim85@example.org,+49(0)5243 83520,Cologne,2025-01-15
CUST-10443,Ruthild Hande MBA.,kwerner@example.net,03174 348471,Hamburg,2024-03-28
CUST-10444,Dipl.-Ing. Gülay Gnatz B.A.,daustermuehle@example.com,0009132577,Cologne,2025-04-21
CUST-10445,Ing. Angelique Lorch B.Sc.,hans-ulrichschuchhardt@example.net,00191 124057,Berlin,2025-02-24
CUST-10446,Giorgio Mielcarek-Kostolzin,abeyer@example.org,08445 902473,Hamburg,2026-02-14
CUST-10447,Sönke Söding,frankeferdi@example.com,04382 014994,Cologne,2025-06-28
CUST-10448,Hans-Hermann Dippel,wjockel@example.net,+49(0)9949648394,Cologne,2024-11-19
CUST-10449,Herr Karl Heinz Gehringer,maik93@example.com,+49(0)0970 34301,Berlin,2026-02-26
CUST-10450,Cetin Peukert,wilmsensenol@example.net,(02351) 97991,Frankfurt,2026-03-12
CUST-10451,Univ.Prof. Karl-Heinz Schottin B.Eng.,pgutknecht@example.com,+49(0)5723967357,Frankfurt,2024-09-29
CUST-10452,Roswita Flantz,eileen40@example.com,(02337) 05515,Frankfurt,2025-02-02
CUST-10453,Dennis Textor,wolfgangneuschaefer@example.net,04611912991,Hamburg,2024-11-01
CUST-10454,Betty Fröhlich,schinkekarl@example.org,00696 875889,Hamburg,2025-03-02
CUST-10455,Melitta Heydrich,haeringsiegrun@example.net,07086 127176,Munich,2025-05-19
CUST-10456,Hans-Christian Scholtz,dobesanna-maria@example.com,02634 94450,Cologne,2026-02-05
CUST-10457,Meta Weller,dietmar88@example.com,09187 32809,Frankfurt,2024-04-20
CUST-10458,Prof. Miodrag Schmidt B.Sc.,folkert62@example.com,+49(0)4471432124,Hamburg,2025-01-11
CUST-10459,Branko Bolnbach B.Sc.,tomasz92@example.org,(03798) 70408,Hamburg,2026-02-02
CUST-10460,Hans-Werner Baum,rositajunitz@example.net,09151589637,Cologne,2024-07-20
CUST-10461,Drago Tintzmann,plathbrigitte@example.net,(02027) 031010,Cologne,2024-09-06
CUST-10462,Raisa Dörr,wolfhardhethur@example.org,(03700) 23199,Frankfurt,2024-10-15
CUST-10463,Miroslaw Köster,zhoelzenbecher@example.net,+49(0) 576680552,Berlin,2025-12-26
CUST-10464,Krystyna Ebert,vadimfreudenberger@example.net,0903912768,Hamburg,2025-05-05
CUST-10465,Ing. Hans-Albert Pohl,hkabus@example.net,+49(0)4999020607,Munich,2024-11-28
CUST-10466,Dr. Christos Bolander MBA.,hennieberhardt@example.net,+49(0) 702902107,Munich,2025-05-29
CUST-10467,Albin Jähn-Gröttner,silviaschwital@example.com,(08405) 20131,Hamburg,2025-02-15
CUST-10468,Harry Hövel B.Eng.,jloeffler@example.net,07425 46992,Munich,2025-09-09
CUST-10469,Herr Andres Renner,karzachim@example.net,+49(0)6389 61336,Berlin,2026-01-04
CUST-10470,Elly Nerger,hermannanita@example.net,(07520) 043711,Hamburg,2024-05-10
CUST-10471,Rosalinde Löchel,drohleder@example.org,07554 81416,Cologne,2025-12-18
CUST-10472,Pius Hermann,ludmila81@example.org,(00005) 075703,Berlin,2024-07-01
CUST-10473,Sina Gorlitz,anne-mariestoll@example.com,0789488395,Frankfurt,2025-08-15
CUST-10474,Siegrun Stiebitz B.Eng.,sandro37@example.net,07052 926759,Munich,2024-04-29
CUST-10475,Rudolph Klotz,ssteckel@example.net,+49 (0) 0107 969455,Hamburg,2024-06-10
CUST-10476,Mathias Pruschke,angeliqueplath@example.net,(08434) 47639,Frankfurt,2026-02-08
CUST-10477,Paula Drubin,anastasiosoestrovsky@example.com,(02388) 80033,Munich,2024-09-23
CUST-10478,Angelique Löffler B.Eng.,sscholz@example.org,08744 16441,Frankfurt,2025-03-27
CUST-10479,Samuel Löwer,hoffmanndanielle@example.org,(06576) 447235,Hamburg,2025-01-30
CUST-10480,Anni Schuster-Caspar,pavel92@example.org,(07155) 584903,Frankfurt,2024-10-30
CUST-10481,Madlen van der Dussen,ronald03@example.net,01884 70927,Berlin,2025-10-03
CUST-10482,Ercan Otto B.Eng.,sophiereising@example.org,0490386080,Munich,2025-05-25
CUST-10483,Univ.Prof. Benita Ortmann,czeslawzorbach@example.org,+49 (0) 9548 880481,Frankfurt,2025-02-01
CUST-10484,Zita Hettner,kuehnerternst-dieter@example.net,07388 000394,Hamburg,2024-08-08
CUST-10485,Traude Eigenwillig-Butte,killerlaura@example.com,+49(0)3427 294697,Cologne,2024-12-16
CUST-10486,Jonathan Hertrampf,phuebel@example.org,(08567) 426384,Berlin,2024-11-01
CUST-10487,Prof. Kira Seip B.A.,tomasneureuther@example.com,(03558) 62085,Berlin,2024-04-25
CUST-10488,Emma Tintzmann B.A.,witold03@example.org,01092 645586,Frankfurt,2024-04-04
CUST-10489,Dr. Drago Rosemann B.Eng.,holzapfelmiroslawa@example.org,06192 254018,Frankfurt,2024-09-20
CUST-10490,Ing. Helen Döring,hans-walter64@example.com,+49 (0) 6776 704411,Frankfurt,2026-01-17
CUST-10491,Babette Bachmann-Bauer,ilijawagenknecht@example.com,05697929631,Cologne,2026-01-26
CUST-10492,Dipl.-Ing. Sigrun Kreusel B.A.,arne92@example.com,+49(0) 250304636,Munich,2024-12-17
CUST-10493,Dipl.-Ing. Marta Gröttner MBA.,mahmoud59@example.org,+49(0)0331 17929,Frankfurt,2026-03-06
CUST-10494,Isabel Juncken,andersangelica@example.org,00299897577,Berlin,2024-04-03
CUST-10495,Hans-Eberhard Junck,dietzgrazyna@example.net,+49(0) 732635390,Berlin,2025-04-19
CUST-10496,Pia Junk,danny40@example.net,+49(0)5208 15159,Cologne,2026-01-22
CUST-10497,Dipl.-Ing. Karl-Peter Mielcarek B.A.,nataschahauffer@example.org,+49(0)6838 88974,Frankfurt,2025-08-21
CUST-10498,Lilly Hofmann-Täsche,sschmidt@example.net,+49(0)6767181075,Munich,2024-05-18
CUST-10499,Ulrike Krein-Gierschner,xruppersberger@example.com,+49(0)1509 85627,Frankfurt,2025-05-22
